index,latitude,longitude,X,Y,OBJECTID,source,ext_id,cat1,cat2,cat3,org_name,Name,addrln1,addrln2,city,state,hours,phones,url,info1,info2,post_id,description,zip,link,use_type,date_updated,email,dis_status,POINT_X,POINT_Y
1,34.0500128,-118.2391808,-118.2391809,34.05001277,1594,LA City Recreation and Parks,,Arts and Recreation,Museums and Aquariums,,LA City Department Recreation and Parks,The Geffen Contemporary At Moca,125 North Central Ave.,,Los Angeles,CA,,,http://www.moca.org/museum/moca_geffen.php,,,1375,"A Former Police Car Warehouse In Little Tokyo Renovated By The Noted California Architect Frank O. Gehry, The Geffen Contemporary At Moca Offers 40,000 Square Feet Of Exhibition Space And A Branch Of The Moca Store.",90013,http://egis3.lacounty.gov/lms/?p=1375,publish,2010/11/01 19:50:56+00,,,6489217.696,1840667.213
2,34.05327855,-118.2507383,-118.2507384,34.05327852,1619,LA City Recreation and Parks,,Arts and Recreation,Museums and Aquariums,,LA City Department Recreation and Parks,The Museum Of Contemporary Art,250 South Grand Ave.,,Los Angeles,CA,,,www.moca.org,,,1401,"Designed By Arata Isozaki, Moca Grand Avenue Is Host To Elegant Underground Galleries, The Patinette Caft, The Flagship Location Of The Moca Store, And Staff Offices.",90012,http://egis3.lacounty.gov/lms/?p=1401,publish,2010/11/01 19:50:56+00,,,6485719.671,1841864.211
3,33.71122131,-118.2846022,-118.2846022,33.71122128,1623,LA City Recreation and Parks,,Arts and Recreation,Museums and Aquariums,,LA City Department Recreation and Parks,Cabrillo Beach and Marine Aquarium,,,,CA,"Beach is open during daylight hours.

","<p>Aquarium: 310-548-7562  </p>
<p>Visitors Center: 310-305-9545 </p>
<p>Beaches and Harbors: 310-305-9503 </p> ",,"<a href=""http://www.parks.ca.gov""> California State Parks </a>","<a href=""http://watchthewater.org""> Live Beach Webcams </a>",1405,"<a href=""http://www.sanpedro.com/sp_point/cbrobch.htm""> Cabrillo Beach </a> is excellent for windsurfing and sailing.

<a href=""http://www.cabrillomarineaquarium.org""> Cabrillo Marine Aquarium </a> is located at 3720 Stephen S. White Drive, San Pedro, CA 90731.

<a href=""http://www.sanpedro.com/index.htm""> City of San Pedro </a>

Cabrillo Beach is managed by the City of Los Angeles.",,http://egis3.lacounty.gov/lms/?p=1405,publish,2014/06/10 12:49:50+00,311@lacity.org,,6475109.604,1717408.999
11,34.01081704,-118.4958959,-118.4958959,34.01081701,1678,LA County Department of Beaches and Harbors,,Arts and Recreation,Museums and Aquariums,,City of Santa Monica,Santa Monica Beach and Pier,City Hall,1685 Main Street,Santa Monica,CA,Beach and Pier are open 7 days a week.,"<p> City of Santa Monica: 310-458-8411</p>
<p> Visitors Center: 424-526-7900 </p>
<p> Beaches and Harbors: 424-526-7777 </p>",http://www.smgov.net/,"<a href=""http://beaches.lacounty.gov""> Los Angeles County Department of Beaches and Harbors </a>",,1407,"The Santa Monica Beach and Pier are managed by the City of Santa Monica. 
For more information:
<p><a href=""https://www.smgov.net/Departments/CCS/content.aspx?id=53687097577""> Beach Information </a></p>
<p><a href=""https://santamonicapier.org/""> Santa Monica Pier </a> </p>
<p><a href=""https://annenbergbeachhouse.com/""> Annenberg Beach House </a></p>
<p><a href=""http://beaches.lacounty.gov/la-county-beach-bike-path/""> Beach Bike Path </a></p>",90401,http://egis3.lacounty.gov/lms/?p=1407,publish,2017/07/18 16:48:56+00,info@bh.lacounty.gov,,6411383.684,1826687.61
12,34.0838935,-118.3824962,-118.3824963,34.08389347,1692,Current Services Locator,,Arts and Recreation,Museums and Aquariums,,US Geological Survey (USGS) & LA County,Moca Pacific Design Center,8687 Melrose Ave.,,West Hollywood,CA,,,http://www.moca.org/museum/moca_pdc.php,,,1425,"Located In The Heart Of West Hollywood, Moca Pacific Design Center Features Rotating Exhibitions Of Art, Architecture, Design, Selections From Moca'S Permanent Collection, And Art Catalogues At Moca Pacific Design Center.",90069,http://egis3.lacounty.gov/lms/?p=1425,publish,2010/11/01 19:50:56+00,,,6445851.693,1853131.209
13,33.99014147,-118.2473719,-118.2473719,33.99014144,1752,LA City Recreation and Parks,,Arts and Recreation,Museums and Aquariums,,LA City Department Recreation and Parks,Augustus F. Hawkins Natural Park,5790 Compton Ave,,Los Angeles,CA,"Monday through  Friday, 9:00am to 6:00pm; Saturday and Sunday, 9:00am to 5:00pm; holidays, 10:00am to 6:00pm. ",Service/Intake (323) 581-4498,www.laparks.org/dos.htm,,,1915,"The department provides recreational programs through operation and maintenance of Los Angeles City parks, playgrounds, swimming pools, golf courses and recreation centers.",90011,http://egis3.lacounty.gov/lms/?p=1915,publish,2014/07/01 11:21:18+00,,,6486682.84,1818884.905
14,33.78924,-118.258409,-118.2584091,33.78923997,2289,LA City Recreation and Parks,,Arts and Recreation,Museums and Aquariums,,LA City Department Recreation and Parks,Banning Museum,401 E. M St.,,Wilmington,CA,,Service/Intake and Administration (310) 548-7777,www.thebanningmuseum.org,,,2567,This is an historical museum of the Victorian period.,90744,http://egis3.lacounty.gov/lms/?p=2567,publish,2014/07/01 11:29:51+00,,,6483149.137,1745780.711
15,34.06378748,-118.3554165,-118.3554165,34.06378745,3249,LA City Recreation and Parks,,Arts and Recreation,Museums and Aquariums,,LA City Department Recreation and Parks,Page Museum and La Brea Tar Pits,5801 Wilshire Blvd.,,Los Angeles,CA,,(323) 934-PAGE (General Information)<br>(323) 857-6332 (TTY),http://tarpits.org,,,4058,"Showcases Ice Age Fossils From One Of The Most Famous Active Excavation Localities In The World. The 23-Acre Grounds Feature The Still-Bubbling Lake Pit, Life-Size Models Of Extinct Mammoths, And A Pleistocene Garden Which Reveals What Los Angeles Looked",90036,http://egis3.lacounty.gov/lms/?p=4058,publish,2014/07/01 11:37:48+00,,,6454025.445,1845784.193
16,34.12841349,-118.1144068,-118.1144069,34.12841346,3519,Current Services Locator,,Arts and Recreation,Museums and Aquariums,,US Geological Survey (USGS) & LA County,Huntington Library And Gardens,1151 Oxform Rd.,,San Marino,CA,"Monday through Thursday, 8:00am to 6:00pm; and Friday, 8:00am to 5:00pm.",,www.huntington.org,,,4324,"The Huntington Is A Research And Educational Center Set Amidst 120 Acres Of Breathtaking Gardens. Three Art Galleries And A Library Showcase Magnificent Collections Of Paintings, Sculptures, Rare Books, Manuscripts, And Decorative Arts.",91108,http://egis3.lacounty.gov/lms/?p=4324,publish,2010/11/01 19:50:56+00,,,6527046.676,1869132.211
17,34.1486001,-118.2813078,-118.2813079,34.14860007,3521,LA City Recreation and Parks,,Arts and Recreation,Museums and Aquariums,,LA City Department Recreation and Parks,The Autry National Center,4700 Western Heritage Way,,Los Angeles,CA,,"Service/Intake and Administration (323) 667-2000,  FAX (323) 660-5721",theautry.org/,,,4325,"The center provides administrative services, museums and volunteer opportunities for people throughout Los Angeles County.",90027,http://egis3.lacounty.gov/lms/?p=4325,publish,2014/05/21 18:20:27+00,,,6476557.025,1876577.882
18,34.14628194,-117.994496,-117.9944961,34.14628191,3522,Current Services Locator,,Arts and Recreation,Museums and Aquariums,,US Geological Survey (USGS) & LA County,The Norton Simon Museum,411 Colorado Blvd.,,Pasadena,CA,,,www.nortonsimon.org,,,4326,"The Norton Simon Museum Of Art At Pasadena Holds One Of The World'S Finest And Most Prestigious Collections Of Art.  Reflecting The Extraordinary Effort And Vision Of Its Founder, It Stands As A Tribute To Human Civilizations, The Visual Arts, And The No",91105,http://egis3.lacounty.gov/lms/?p=4326,publish,2010/11/01 19:50:56+00,,,6563335.681,1875615.212
19,34.058345,-118.2420182,-118.2420183,34.05834497,20755,LA City Recreation and Parks,1744883,Arts and Recreation,Museums and Aquariums,,LA City Department Recreation and Parks,Fort Moore Pioneer Memorial,,,,,,,,,,22959,,,http://egis3.lacounty.gov/lms/?p=22959,publish,2014/06/09 15:48:42+00,,,6488365.494,1843701.511
20,33.93879644,-118.241515,-118.2415151,33.93879641,20808,LA City Recreation and Parks,1732642,Arts and Recreation,Museums and Aquariums,,LA City Department Recreation and Parks,Watts Towers State Historical Park,,,,,,,,,,23022,,,http://egis3.lacounty.gov/lms/?p=23022,publish,2014/07/01 11:18:00+00,,,6488413.364,1800195.085
21,34.0955648,-118.3347992,-118.3347993,34.09556477,20909,LA City Recreation and Parks,1682190,Arts and Recreation,Museums and Aquariums,,LA City Department Recreation and Parks,Rudolph Valentino Memorial,1350 N Cherokee Ave,,Los Angeles,CA,,,,,,23133,,,http://egis3.lacounty.gov/lms/?p=23133,publish,2014/05/23 15:59:40+00,,,6460308.283,1857327.062
22,34.0744532,-118.4403575,-118.4403576,34.07445317,20960,LA City Recreation and Parks,1657735,Arts and Recreation,Museums and Aquariums,,LA City Department Recreation and Parks,Murphy Sculpture Garden,,,,,,,,,,23194,,,http://egis3.lacounty.gov/lms/?p=23194,publish,2014/06/09 16:22:27+00,,,6428316.529,1849767.449
23,34.08824472,-118.2083195,-118.2083196,34.08824469,21212,LA City Recreation and Parks,1732690,Arts and Recreation,Museums and Aquariums,,LA City Department Recreation and Parks,Heritage Square Park and Museum,3800 Homer St.,,Los Angeles,CA,,,,,,23464,,,http://egis3.lacounty.gov/lms/?p=23464,publish,2014/06/11 09:46:47+00,,,6498595.01,1854559.703
24,33.34379859,-118.3248675,-118.3248675,33.34379856,21837,LA County Department of Beaches and Harbors,1763262,Arts and Recreation,Museums and Aquariums,,Catalina Island Chamber of Commerce,Green Pleasure Pier,,,,,,"City of Avalon: 310-510-0220 <br>
Beaches and Harbors Visitors Center: 424-526-7900 <br>
Beaches and Harbors Main Office: 424-526-7777 <br>",http://www.catalinachamber.com/,,,24096,"<a href=""http://www.cityofavalon.com/""> Catalina Island information </a>",,http://egis3.lacounty.gov/lms/?p=24096,publish,2017/07/18 17:39:36+00,,,6462430.916,1583725.385
25,33.7527959,-118.1897902,-118.1897903,33.75279587,21895,HSIP Freedom Gnis_cultural_fe,247881,Arts and Recreation,Museums and Aquariums,,US Geological Survey (USGS) & LA County,Queen Mary,,,,,,,,,,24152,,,http://egis3.lacounty.gov/lms/?p=24152,publish,2010/11/01 19:50:56+00,,,6503974.85,1732471.195
26,34.225837,-118.0572904,-118.0572905,34.22583697,22234,HSIP Freedom Gnis_cultural_fe,1733524,Arts and Recreation,Museums and Aquariums,,US Geological Survey (USGS) & LA County,Mount Wilson Observatory,,,,,,,,,,24497,,,http://egis3.lacounty.gov/lms/?p=24497,publish,2010/11/01 19:50:56+00,,,6544352.375,1904571.628
27,34.38197972,-117.6817708,-117.6817709,34.38197969,22538,LA County Chief Information Office,273769,Arts and Recreation,Museums and Aquariums,,Jet Propulsion Laboratory,Table Mountain Observatory,24490 Table Mountain Raod,,Wrightwood,CA,"TMF is operational 24 hours a day, 365 days a year. Inclement weather and road conditions do sometimes dictate when it is safe for science customers to travel to and from the facility.","Telephone: (760)249-3650
Fax: (760)249-5392",https://tmf.jpl.nasa.gov/tmf-web/,,,24812,"<b>Table Mountain Observatory</b> (<b>TMO</b>) is an astronomical observation facility operated by NASA's Jet Propulsion Laboratory (California Institute of Technology).

TMO is part of JPL's Table Mountain Facility (TMF). The larger site hosts a number of non-astronomical projects. The site was first used by the Smithsonian Institution in 1924, which conducted atmospheric, solar, and astronomical observations for many years. JPL took over the lease in 1962. The observatory conducts high-precision astrometric observations to support NASA and international spacecraft mission navigation, confirmation and recovery of near-Earth objects such as comets and asteroids that may potentially impact the Earth, and technology development.",92397,http://egis3.lacounty.gov/lms/?p=24812,publish,2017/03/10 12:15:55+00,Pamela.C.Glatfelter@jpl.nasa.gov,,6657685.74,1961541.936
28,34.017653,-117.963017,-117.9630171,34.01765297,55941,211,,Arts and Recreation,Museums and Aquariums,,www.homesteadmuseum.org,Workman And Temple Family Homestead Museum,15415 E. Don Julian Rd.,,City of Industry,CA,"Wednesday through Sunday, 1:00pm to 5:00pm. ","Service/Intake and Administration (626) 968-8492,  FAX (626) 968-2048",www.homesteadmuseum.org,,,57908,The agency provides museum services for people of all ages in Los Angeles County.,91745,http://egis3.lacounty.gov/lms/?p=57908,publish,2013/06/01 11:50:56+00,,,6572877.56,1828806.707
29,34.123257,-118.4793,-118.4793001,34.12325697,55942,LA City Recreation and Parks,,Arts and Recreation,Museums and Aquariums,,LA City Department Recreation and Parks,Skirball Cultural Center,2701 N. Sepulveda Blvd.,,Los Angeles,CA,,"Service/Intake and Administration (310) 440-4500,  FAX (310) 440-4595",www.skirball.org,,,57909,The agency provides museum services for people of all ages in Los Angeles County.,90049,http://egis3.lacounty.gov/lms/?p=57909,publish,2013/06/01 11:50:56+00,,,6416608.315,1867581.814
30,34.049409,-118.239225,-118.2392251,34.04940897,55944,LA City Recreation and Parks,,Arts and Recreation,Museums and Aquariums,,LA City Department Recreation and Parks,Japanese American National Museum,369 E. 1st St.,,Los Angeles,CA,,"Service/Intake and Administration (213) 625-0414,  FAX (213) 625-1770, Volunteer Hotline Service/Intake (213) 830-5645, Volunteer Hotline Service/Intake (213) 830-5694",janm.org,,,57910,The agency provides museum services for people of all ages in Los Angeles County.,90012,http://egis3.lacounty.gov/lms/?p=57910,publish,2013/06/01 11:50:56+00,,,6489203.784,1840447.511
31,34.146735,-118.141022,-118.1410221,34.14673497,55946,211,,Arts and Recreation,Museums and Aquariums,,www.pacificasiamuseum.org,Pacific Asia Museum,46 N. Los Robles Ave.,,Pasadena,CA,"Wednesday through Sunday, 10:00am to 6:00pm. ","Service/Intake and Administration (626) 449-2742, Education Service/Intake (626) 449-2742 Ext.19, Tours Service/Intake (626) 449-2742 Ext.23",www.pacificasiamuseum.org,,,57911,The agency provides museum services for people of all ages in Los Angeles County.,91101,http://egis3.lacounty.gov/lms/?p=57911,publish,2013/06/01 11:50:56+00,,,6519001.309,1875809.972
32,33.785247,-118.173235,-118.1732351,33.78524697,55947,211,,Arts and Recreation,Museums and Aquariums,,www.lbfdmuseum.org,Long Beach Firefighter's Museum,1445 Peterson Ave.,,Long Beach,CA,,"Message/Answering Service (562) 599-3985,  Administrative (562) 570-8628",www.lbfdmuseum.org,,,57912,The agency provides museum services for people of all ages in Los Angeles County.,90813,http://egis3.lacounty.gov/lms/?p=57912,publish,2013/06/01 11:50:56+00,,,6509027.914,1744271.98
33,34.073508,-118.042046,-118.0420461,34.07350797,56434,211,,Arts and Recreation,Museums and Aquariums,,www.ci.el-monte.ca.us,"City Of El Monte Parks, Recreation, And Community Services Department - Santa Fe Historical Park",3575 Santa Anita Ave.,,El Monte,CA,"Monday through Sunday, Daylight Hours.  This park has no supervision. ",Service/Intake (626) 580-2200,www.ci.el-monte.ca.us,,,58371,The agency provides year-round supervised recreation and social activities for people of all ages at 8 park sites throughout the City of El Monte.,91731,http://egis3.lacounty.gov/lms/?p=58371,publish,2013/06/01 11:50:56+00,,,6548937.322,1849134.035
34,34.065662,-118.035773,-118.0357731,34.06566197,56440,211,,Arts and Recreation,Museums and Aquariums,,www.ci.el-monte.ca.us,"City Of El Monte Parks, Recreation, And Community Services Department - El Monte Historical Society Museum",3150 N. Tyler Ave.,,El Monte,CA,,El Monte Museum Service/Intake (626) 580-2232,www.ci.el-monte.ca.us,,,58376,The agency provides year-round supervised recreation and social activities for people of all ages at 8 park sites throughout the City of El Monte.,91731,http://egis3.lacounty.gov/lms/?p=58376,publish,2013/06/01 11:50:56+00,,,6550835.99,1846277.99
35,33.762323,-118.197099,-118.1970991,33.76232297,56508,211,,Arts and Recreation,Museums and Aquariums,,www.aquariumofpacific.org,Aquarium Of The Pacific,100 Aquarium Way,,Long Beach,CA,"Monday through Sunday, 9:00am to 6:00pm. ","Service/Intake and Administration (562) 590-3100,  FAX (562) 951-1629, Education Programs Service/Intake (562) 951-1630,  TDD (562) 591-3140",www.aquariumofpacific.org,,,58419,The Aquarium provides museum services for people of all ages in Los Angeles County.,90802,http://egis3.lacounty.gov/lms/?p=58419,publish,2013/06/01 11:50:56+00,,,6501759.804,1735942.656
36,34.014237,-118.285237,-118.2852371,34.01423697,56921,LA City Recreation and Parks,,Arts and Recreation,Museums and Aquariums,,LA City Department Recreation and Parks,California Science Center,700 Exposition Park Dr.,,Los Angeles,CA,,"General Information Service/Intake (323) 724-3623, IMAX Theater Service/Intake (213) 744-7400, ExploraStore Service/Intake (213) 744-7422, Membership Service/Intake (213) 744-7504, Education Department Service/Intake and Administration (213) 744-7444",www.californiasciencecenter.org,,,58692,The Center provides museum services for the people of all ages in California.,90037,http://egis3.lacounty.gov/lms/?p=58692,publish,2013/06/01 11:50:56+00,,,6475229.445,1827684.135
37,34.053948,-118.401682,-118.4016821,34.05394797,56933,LA City Recreation and Parks,,Arts and Recreation,Museums and Aquariums,,LA City Department Recreation and Parks,Simon Wiesenthal Center - Museum Of Tolerance,9786 W. Pico Blvd.,,Los Angeles,CA,"Monday through Friday, 10:00am to 5:00pm; closes early on Friday, 10:00am to 3:00pm (November through March); closed on all Jewish and legal holidays. ","Reservations Service/Intake (310) 772-2505, General Information Service/Intake (310) 553-8403",www.wiesenthal.com,,,58698,"The Center provides public awareness and promotes social action against violations of human rights, bigotry, and hate crimes.",90035,http://egis3.lacounty.gov/lms/?p=58698,publish,2013/06/01 11:50:56+00,,,6439998.775,1842256.215
38,33.74304101,-118.4097004,-118.4097004,33.74304098,57439,LA County Department of Beaches and Harbors,1010799012,Arts and Recreation,Museums and Aquariums,,Los Angeles County Department of Beaches and Harbors,Point Vicente,Palos Verdes Dr. & Hawthorne Blvd.,,Palos Verdes,CA,"<p>The Interpretive Center open daily 10:00am to 5:00pm.</p> 
<p>The Lighthouse is open second Saturday of every month from 10:00am to 4:00pm. </p>","<p>Visitors Center: 424-526-7900 </p>
<p>Beaches and Harbors: 424-526-7777 </p>
",http://beaches.lacounty.gov ,"<a href=""http://www.parks.ca.gov""> California State Parks </a>",,59075,"<p>Facilities: Fishing, Interpretive Center, Lighthouse </p>
<p><a href=""http://www.rpvca.gov/Facilities/Facility/Details/Point-Vicente-Interpretive-Center-13""> Point San Vicente Interpretive Center</a></p>
<p><a href=""https://sites.google.com/site/pointvicentelighthouse/""> Point San Vicente Lighthouse </a></p>",90275,http://egis3.lacounty.gov/lms/?p=59075,publish,2017/07/20 08:08:01+00,info@bh.lacounty.gov,,6437108.806,1729120.479
39,33.88413301,-118.4125757,-118.4125758,33.88413298,57464,LA County Department of Beaches and Harbors,1010799008,Arts and Recreation,Museums and Aquariums,,Los Angeles County Department of Beaches and Harbors,"Manhattan Beach, Pier, Roundhouse Aquarium",400-500  The Strand,,Manhattan Beach,CA,,"Visitors Center: 424-526-7900 <br>
Beaches and Harbors: 424-526-7777 <br>",http://beaches.lacounty.gov,"<a href=""http://www.parks.ca.gov""> California State Parks </a>",,59083,"Facilities: Swimming, Surfing, Fishing Equipment Rentals and Bait Shop, Volleyball Courts, The Strand (ADA accessible walkway) Children's Play Area, Restrooms, Showers 
Beach Information: <a href=""http://www.citymb.info/""> Beach Map </a>
Beach Bike Path: <a href=""http://beaches.lacounty.gov/la-county-beach-bike-path/""> Map of Beach Bike Path (Marvin Braude Bike Trail) </a>
Aquarium: <a href=""http://roundhouseaquarium.org/""> Roundhouse Marine Studies Lab and Aquarium </a>
Parking Lot Maps: <a href=""http://www.citymb.info/index.aspx?page=703""> Directions and Maps </a>",90266,http://egis3.lacounty.gov/lms/?p=59083,publish,2017/07/19 14:38:25+00,info@bh.lacounty.gov,,6436445.375,1780470.789
40,33.839475,-118.195685,-118.1956851,33.83947497,58112,211,,Arts and Recreation,Museums and Aquariums,,www.longbeach.gov/park/,"City Of Long Beach Department Of Parks, Recreation And Marine - Rancho Los Cerritos",4600 Virginia Rd.,,Long Beach,CA,"SITE HOURS: Wednesday through Sunday, 1:00pm to 5:00pm; see website for schedule of events and tours ",Service/Intake (562) 570-1755,www.longbeach.gov/park/,,,59540,The Department provides recreational programs for people of all ages in Los Angeles County.,90807,http://egis3.lacounty.gov/lms/?p=59540,publish,2013/06/01 11:50:56+00,,,6502244.265,1764019.485
41,33.990766,-118.459921,-118.4599211,33.99076597,58545,LA City Recreation and Parks,,Arts and Recreation,Museums and Aquariums,,LA City Department Recreation and Parks,Social And Public Art Resource Center,685 Venice Blvd.,,Venice,CA,"Monday through Friday, 10:00am to 5:00pm; exhibitions on Saturtday, 11:00am to 5:00pm. ","FAX (310) 827-8717,  Service/Intake (310) 822-9560",www.sparcmurals.org,,,59981,"The is a fine arts center for the production, exhibition and preservation of public art.",90291,http://egis3.lacounty.gov/lms/?p=59981,publish,2013/06/01 11:50:56+00,,,6422252.791,1819338.866
42,34.017088,-118.283012,-118.2830121,34.01708797,58602,211,,Arts and Recreation,Museums and Aquariums,,www.caamuseum.org,California African American Museum,600 State Dr.,,Los Angeles,CA,,Service/Intake and Administration (213) 744-7432,www.caamuseum.org,,,60026,"The museum provides African American art, history and cultural awareness.",90037,http://egis3.lacounty.gov/lms/?p=60026,publish,2013/06/01 11:50:56+00,,,6475906.649,1828719.761
43,34.153006,-118.164714,-118.1647141,34.15300597,58604,211,,Arts and Recreation,Museums and Aquariums,,www.kidspacemuseum.org,Kidspace Children's Museum,480 N. Arroyo Blvd.,,Pasadena,CA,,"Service/Intake and Administration (626) 449-9144,  FAX (626) 449-9985",www.kidspacemuseum.org,,,60027,The museum provides educational exhibits for children.,91103,http://egis3.lacounty.gov/lms/?p=60027,publish,2013/06/01 11:50:56+00,,,6511836.567,1878103.002
44,34.06340072,-118.3591511,-118.3591511,34.06340069,58605,211,,Arts and Recreation,Museums and Aquariums,,www.lacma.org,LACMA (Los Angeles County Museum Of Art),5905 Wilshire Blvd.,,Los Angeles,CA,"Monday, Tuesday, Thursday, 12:00 noon to 8:00pm; Friday, 12:00 noon to 9:00pm; Saturday and Sunday, 11:00am to 8:00pm.  Open on all holidays except Thanksgiving Day and Christmas Day. ","Ticket Sales Service/Intake (323) 857-6010, Membership Service/Intake (323) 857-6151, Director Administrative (323) 857-6001",www.lacma.org,,,60028,"LACMA (the Los Angeles County Museum of Art) has been devoted to collecting works of art that span both history and geography, in addition to representing Los Angeles's uniquely diverse population.",90036,http://egis3.lacounty.gov/lms/?p=60028,publish,2014/02/20 16:19:45+00,,,6452893.84,1845647.465
45,34.375912,-118.525475,-118.5254751,34.37591197,58608,211,,Arts and Recreation,Museums and Aquariums,,www.hartmuseum.org/,William S. Hart Ranch And Museum,24151 Newhall Ave.,,Newhall,CA,"Spring and Summer Hours:  Wednesday through Sunday, 11:00am to 3:30pm; Fall and Winter Hours:  Wednesday through Friday, 10:00am to 1:00pm; and Saturday and Sunday, 11:00am to 4:00pm. ","FAX (661) 254-6499, Museum Information Service/Intake and Administration (661) 254-4584, Park Information Service/Intake and Administration (661) 259-0855",www.hartmuseum.org/,,,60029,The museum provides museum services and volunteer opportunities for people throughout Los Angeles County.,91321,http://egis3.lacounty.gov/lms/?p=60029,publish,2013/06/01 11:50:56+00,,,6403114.055,1959596.217
46,34.02591576,-118.3946227,-118.3946228,34.02591573,58609,211,,Arts and Recreation,Museums and Aquariums,,www.mjt.org,Museum Of Jurassic Technology,9341 Venice Blvd,,Culver City,CA,,"Service/Intake and Administration (310) 836-6131,  FAX (310) 287-2267",www.mjt.org,,,60030,The museum provides museum services and volunteer opportunities for people throughout Los Angeles County.,90232,http://egis3.lacounty.gov/lms/?p=60030,publish,2013/06/01 11:50:56+00,,,6442097.013,1832046.34
47,33.774573,-118.179766,-118.1797661,33.77457297,58611,211,,Arts and Recreation,Museums and Aquariums,,www.molaa.org,Museum Of Latin American Art,628 Alamitos Ave.,,Long Beach,CA,,"Service/Intake and Administration (562) 437-1689, Volunteers Service/Intake (562) 437-1689 Ext.119,  FAX (562) 216-4190",www.molaa.org,,,60031,The museum provides museum services and volunteer opportunities to people in Los Angeles County.,90802,http://egis3.lacounty.gov/lms/?p=60031,publish,2013/06/01 11:50:56+00,,,6507036.338,1740390.9
48,34.018418,-118.287483,-118.2874831,34.01841797,58612,211,,Arts and Recreation,Museums and Aquariums,,fisher.usc.edu,Usc Fisher Museum Of Art,823 Exposition Blvd., ,Los Angeles,CA,,"Service/Intake and Administration (213) 740-4561,  FAX (213) 740-7676",fisher.usc.edu,,,60032,The museum provides museum services for people of all ages in Los Angeles County.,90089,http://egis3.lacounty.gov/lms/?p=60032,publish,2013/06/01 11:50:56+00,,,6474553.15,1829207.618
49,33.763203,-118.166825,-118.1668251,33.76320297,58613,211,,Arts and Recreation,Museums and Aquariums,,www.lbma.org,Long Beach Museum Of Art,2300 E. Ocean Blvd.,,Long Beach,CA,,"Service/Intake (562) 439-2119,  FAX (562) 439-3587",www.lbma.org,,,60033,The museum provides museum services for people of all ages in Los Angeles County.,90803,http://egis3.lacounty.gov/lms/?p=60033,publish,2013/06/01 11:50:56+00,,,6510962.461,1736246.255
50,34.04184348,-118.5667718,-118.5667719,34.04184345,58614,211,,Arts and Recreation,Museums and Aquariums,,www.getty.edu,J. Paul Getty Museum - Getty Villa Malibu,17985 Pacific Coast Hwy,,Pacific Palisades,CA,"Monday and Wednesday through Friday, 10:00am to 5:00pm; closed New Year's Day, Independence Day, Thanksgiving and Christmas. ","Service/Intake (310) 440-7300,  TDD (310) 440-7305",www.getty.edu,,,60034,The museum provides museum services for people of all ages in Los Angeles County.,90272,http://egis3.lacounty.gov/lms/?p=60034,publish,2013/06/01 11:50:56+00,,,6389967.836,1838092.111
51,34.08693888,-118.4758812,-118.4758813,34.08693885,58615,211,,Arts and Recreation,Museums and Aquariums,,www.getty.edu,The Getty Center,1200 N Getty Center Dr,,Los Angeles,CA,,"Service/Intake and Administration (310) 440-7300,  TDD (310) 440-7305",www.getty.edu,,,60035,The museum provides museum services for people of all ages in Los Angeles County.,90049,http://egis3.lacounty.gov/lms/?p=60035,publish,2014/05/23 13:45:08+00,,,6417580.449,1854360.203
52,34.002041,-118.483832,-118.4838321,34.00204097,58617,211,,Arts and Recreation,Museums and Aquariums,,www.californiaheritagemuseum.org,California Heritage Museum,2612 Main St.,,Santa Monica,CA,"Wednesday through Sunday, 11:00am to 4:00pm. ","Service/Intake and Administration (310) 392-8537,  FAX (310) 396-0547",www.californiaheritagemuseum.org,,,60036,The museum provides museum services for people of all ages in Los Angeles County.,90405,http://egis3.lacounty.gov/lms/?p=60036,publish,2013/06/01 11:50:56+00,,,6415024.367,1823476.05
53,34.058939,-118.4439,-118.4439001,34.05893897,58618,211,,Arts and Recreation,Museums and Aquariums,,www.hammer.ucla.edu,Hammer Museum,10899 Wilshire Blvd.,,Los Angeles,CA,,"Service/Intake (310) 443-7000,  Administrative (310) 443-7020",www.hammer.ucla.edu,,,60037,The museum provides museum services for people of all ages in Los Angeles County.,90024,http://egis3.lacounty.gov/lms/?p=60037,publish,2013/06/01 11:50:56+00,,,6427218.825,1844126.307
54,33.866771,-118.218165,-118.2181651,33.86677097,58620,211,,Arts and Recreation,Museums and Aquariums,,dominguezrancho.org,Dominguez Rancho Adobe Museum,18127 S. Alameda St.,,Rancho Dominguez,CA,,"Service/Intake and Administration (310) 603-0088,  FAX (310) 603-0009",dominguezrancho.org,,,60038,The agency provides museum services for people throughout Los Angeles County.,90220,http://egis3.lacounty.gov/lms/?p=60038,publish,2013/06/01 11:50:56+00,,,6495439.058,1773967.215
55,34.018019,-118.288829,-118.2888291,34.01801897,59954,211,,Arts and Recreation,Museums and Aquariums,,www.nhm.org,Los Angeles County Natural History Museum,900 Exposition Blvd.,,Los Angeles,CA,"Monday through Sunday, 9:30am to 5:00pm. ","Director Administrative (213) 763-3302, Security Central Service/Intake (213) 763-3416,  Information Only (213) 763-3466, Group Services Service/Intake (213) 763-3218, School Visits Service/Intake (213) 763-3333",www.nhm.org,,,61124,This is a natural history museum.,90007,http://egis3.lacounty.gov/lms/?p=61124,publish,2013/06/01 11:50:56+00,,,6474144.849,1829063.584
56,34.11929648,-118.3005599,-118.30056,34.11929645,60034,211,,Arts and Recreation,Museums and Aquariums,,www.griffithobservatory.org,Griffith Observatory,2800 E Observatory Rd,,Los Angeles,CA,,"General Information Service/Intake (213) 473-0800, Sky Report Information Only (213) 473-0880",www.griffithobservatory.org,,,61175,This is a public observatory and planetarium for people of all ages who are interested in astronomy and related sciences.,90027,http://egis3.lacounty.gov/lms/?p=61175,publish,2013/06/01 11:50:56+00,,,6470700.184,1865930.663
57,34.25260517,-118.2882768,-118.2882768,34.25260514,60950,LA County Chief Information Office,,Arts and Recreation,Museums and Aquariums,,Little Landers Historical Society,Bolton Hall Museum,10110 Commerce Ave,,Tujunga,CA,Sunday and Tuesday from 1:00pm to 4:00pm.,818-352-3420,http://www.littlelandershistoricalsociety.org/,,,62033,"Bolton Hall Museum is Los Angeles City Historic Monument #2.  The museum has permanent and rotating exhibits on the history of  Rancho Tujunga, which is now known as the communities of Sunland, Tujunga, Shadow Hills, Lake View Terrace and parts of Sun Valley.",91042,http://egis3.lacounty.gov/lms/?p=62033,publish,2011/10/28 10:13:19+00,littlelanders@verizon.net,,6474557.021,1914433.029
58,34.05039267,-118.063513,-118.0635131,34.05039264,60952,LA County Chief Information Office,,Arts and Recreation,Museums and Aquariums,,,American Military Museum,1918 Rosemead Blvd,Whittier Narrows Recreation Area,South El Monte,CA,Friday through Sunday only from 10:00AM to 4:30PM,(626) 442-1776,www.tankland.com,,,62193,"The American Military Museum has been collecting, preserving, restoring, and sharing the largest inter-service collection of military equipment in the Western United States for over 57 years.",91733,http://egis3.lacounty.gov/lms/?p=62193,publish,2011/10/28 10:13:11+00,Tankland@aol.com,,6542431.033,1840725.335
59,33.793472,-118.121691,-118.1216911,33.79347197,63248,211,,Arts and Recreation,Museums and Aquariums,,,"City Of Long Beach Department Of Parks, Recreation And Marine - Rancho Los Alamitos",5400 Bixby Hill Rd.,,Long Beach,CA,"Monday through Friday, 12:00 noon to 6:00pm; Saturday, 12:00 noon  to 4:00pm. ",Service/Intake (562) 431-3541,www.longbeach.gov/park/,,,70589,The Department provides recreational programs for people of all ages in Los Angeles County.,90815,http://egis3.lacounty.gov/lms/?p=70589,publish,2010/11/01 11:50:56+00,,,6524694.65,1747242.307
60,33.73941604,-118.2788831,-118.2788831,33.73941601,64134,211,,Arts and Recreation,Museums and Aquariums,,,Los Angeles Maritime Museum,Berth 84 - Foot of 6th St.,,San Pedro,CA,"Tuesday through Sunday, 10:00am to 5:00pm; last entry at 4:30pm. ","FAX (310) 832-6537,  Administrative (310) 548-7618",www.lamaritimemuseum.org,,,70987,This is a maritime museum for the City of Los Angeles.,90731,http://egis3.lacounty.gov/lms/?p=70987,publish,2014/05/23 13:49:20+00,,,6476877.505,1727665.021
61,34.14833782,-118.2847826,-118.2847827,34.14833779,64291,211,,Arts and Recreation,Museums and Aquariums,,,Los Angeles Zoo,5333 W Zoo Dr,,Los Angeles,CA,"Monday through Sunday, 10:00am to 5:00pm. Closed Christmas Day. ","Service/Intake and Administration (323) 644-4200,  FAX (323) 662-9786, Request Guided Tour/School Tour Service/Intake (323) 644-4211, Volunteer Office Service/Intake (323) 644-4763",www.lazoo.org,,,71086,"The zoo facility provides education services, volunteer opportunities and a public zoo.",90027,http://egis3.lacounty.gov/lms/?p=71086,publish,2014/07/01 11:44:37+00,,,6475505.412,1876485.394
62,34.18985401,-118.1332635,-118.1332636,34.18985398,64435,211,,Arts and Recreation,Museums and Aquariums,,,Altadena Community Center,730 E Altadena Dr,,Altadena,CA,"Monday, Friday, 8:00am to 5:00pm; Tuesday, Wednesday, Thusday, 1:00pm to 10:00pm ","Community Center Service/Intake and Administration (626) 398-6174, Community Center FAX (626) 296-1198, Altadena Town Council Service/Intake and Administration (626) 791-9457, Altadena NAACP Service/Intake and Administration (626) 794-7999, Sheriff's Supp",css.lacounty.gov,,,71171,The agency provides community services for people who live in Altadena and the Los Angeles County area.,91001,http://egis3.lacounty.gov/lms/?p=71171,publish,2010/11/01 11:50:56+00,,,6521369.599,1891498.547
63,34.0558214,-118.2390947,-118.2390948,34.05582137,64570,211,,Arts and Recreation,Museums and Aquariums,,,Chinese American Museum,425 N Los  Angeles St,,Los Angeles,CA,"Tuesday through Sunday, 10:00am to 3:00pm. ","Administration (213) 485-8484,  FAX (213) 485-8238,  Service/Intake (213) 485-8567",www.camla.org,,,71244,"Monday through Friday, 9:00am to 5:00pm.",90012,http://egis3.lacounty.gov/lms/?p=71244,publish,2010/11/01 11:50:56+00,,,6489248.806,1842781.007
64,34.15499518,-118.3021214,-118.3021215,34.15499515,66014,LA City Recreation and Parks,,Arts and Recreation,Museums and Aquariums,,LA City Department of Recreation and Parks,LA Live Steamers,5202 Zoo Dr,,Los Angeles,CA,,,http://laparks.org/dos/parks/parks.htm,,,73940,,,http://egis3.lacounty.gov/parks_lms/?p=73940,publish,2014/07/02 18:53:23+00,,,6470266.606,1878923.433
65,34.15441597,-118.3077326,-118.3077327,34.15441594,66041,LA City Recreation and Parks,,Arts and Recreation,Museums and Aquariums,,LA City Department of Recreation and Parks,Travel Town Museum,Griffith Park Dr. Near Zoo Dr.,,Los Angeles,CA,,,http://laparks.org/dos/parks/parks.htm,,,73967,,,http://egis3.lacounty.gov/parks_lms/?p=73967,publish,2014/07/02 18:53:23+00,,,6468568.358,1878717.799
